{
	"format_version": "1.10.0",
	"geometry.bau": {
		"texturewidth": 32,
		"textureheight": 32,
		"visible_bounds_width": 2,
		"visible_bounds_height": 3,
		"visible_bounds_offset": [0, 1.5, 0],
		"bones": [
			{
				"name": "body",
				"pivot": [0, 24, 0]
			},
			{
				"name": "bone",
				"parent": "body",
				"pivot": [0, 0, -1],
				"rotation": [0, 180, 0],
				"cubes": [
					{"origin": [-4, 16, -7], "size": [8, 8, 8], "uv": [0, 16], "inflate": -1, "mirror": true},
					{"origin": [-0.5, 20.1, -6.5], "size": [1, 2, 1], "uv": [0, 21], "inflate": -0.1}
				]
			}
		]
	}
}